{
  "IcoMoonType": "selection",
  "icons": [
    {
      "icon": {
        "paths": [
          "M59.543 128.213h1540.61v130.728h-1540.61v-130.728z",
          "M312.307 504.596h1035.114v124.178h-1035.114v-124.178z",
          "M613.189 829.6h433.287v124.178h-433.287v-124.178z"
        ],
        "attrs": [
          {
            "fill": "rgb(51, 150, 69)"
          },
          {
            "fill": "rgb(51, 150, 69)"
          },
          {
            "fill": "rgb(51, 150, 69)"
          }
        ],
        "width": 1685,
        "isMulticolor": false,
        "isMulticolor2": false,
        "grid": 0,
        "tags": [
          "filtrar"
        ]
      },
      "attrs": [
        {
          "fill": "rgb(51, 150, 69)"
        },
        {
          "fill": "rgb(51, 150, 69)"
        },
        {
          "fill": "rgb(51, 150, 69)"
        }
      ],
      "properties": {
        "order": 12,
        "id": 0,
        "name": "filtrar",
        "prevSize": 32,
        "code": 59654
      },
      "setIdx": 1,
      "setId": 2,
      "iconIdx": 0
    }
  ],
  "height": 1024,
  "metadata": {
    "name": "icomoon"
  },
  "preferences": {
    "showGlyphs": true,
    "showQuickUse": true,
    "showQuickUse2": true,
    "showSVGs": true,
    "fontPref": {
      "prefix": "icon-",
      "metadata": {
        "fontFamily": "icomoon"
      },
      "metrics": {
        "emSize": 1024,
        "baseline": 6.25,
        "whitespace": 50
      },
      "embed": false
    },
    "imagePref": {
      "prefix": "icon-",
      "png": true,
      "useClassSelector": true,
      "color": 0,
      "bgColor": 16777215,
      "classSelector": ".icon"
    },
    "historySize": 50,
    "showCodes": true,
    "gridSize": 16
  }
}